﻿<Rules FriendlyName="Organization Naming Rules">
  <Rule TypeName="UnderscorePrefixRule" Category="Organization.Naming" CheckId="OR5555">
    <Name>
      UnderscorePrefixRule: Prefix private class scoped variables (fields) with an underscore ("_").
    </Name>
    <Description>
      The [organization name]'s naming standards require an underscore to be prefixed
      to private fields in all cases.
    </Description>
    <LongDescription>
      The underscore is a visual indication that a variable is a private, class scoped field
      and is used for ease of reading and to differentiate between class fields and local
      variables within methods.
    </LongDescription>
    <GroupOwner>
      [organization] Developer Standards Group
    </GroupOwner>
    <DevOwner>
      John Smith
    </DevOwner>
    <Owner>
      [organization] Developer Standards Group
    </Owner>
    <Url>
      http://localhost/organizationrules/default.aspx
    </Url>
    <Resolution Name="Member">Add an underscore in front of the field {0}.</Resolution>
    <Resolution Name="Temp">Add an underscore in front of the field {0}.</Resolution>
    <Email>
      OrganizationStandards@organization.com
    </Email>
    <MessageLevel Certainty="80">
      Error
    </MessageLevel>
    <FixCategories>
      NonBreaking
    </FixCategories>
  </Rule>
</Rules>