<Rules FriendlyName="Organization Naming Rules">
  <Rule TypeName="UnderscorePrefixRule" Category="Microsoft.Naming" CheckId="OR5555">
    <Name>
      UnderscorePrefixRule: The prose name of the rule goes here.
    </Name>
    <Description>
      UnderscorePrefixRule: The short description goes here.
    </Description>
    <LongDescription>
      UnderscorePrefixRule: The long description goes here.
    </LongDescription>
    <GroupOwner>
      UnderscorePrefixRule: This is optional, but is generally the
      developer/team/company.
    </GroupOwner>
    <DevOwner>
      UnderscorePrefixRule: The team or individual responsible for the
      rule.
    </DevOwner>
    <Owner>
      The Owner: Optional - can be empty string
    </Owner>
    <Url>
      EmptyAssemblyRule: The URL for help containing the rule.
    </Url>
    <Resolution>
      EmptyAssemblyRule: The string that appears in the message panel
      pointing out the error.
    </Resolution>
    <Email>
      EmptyAssemblyRule: The optional email address of the rule author.
    </Email>
    <MessageLevel Certainty="80">
      Error
    </MessageLevel>
    <FixCategories>
      Breaking
    </FixCategories>
  </Rule>
</Rules>